District,Indicator_3.7.2_adolescent_birth_rate_12_14,Indicator_3.7.2_adolescent_birth_rate_15_19,Indicator_5.b.1_phone_ownership,Indicator_7.1.1_electricity_access,Indicator_6.1.1_safe_water,Indicator_9.2.2_manufacturing_employment ,Indicator_7.1.2_clean_energy_prim,Indicator_8.7.1_child_labour,Indicator_17.8.1_internet_use,Indicator_8.5.2_unemployment_rate_disable,Indicator_6.2.1_safely_managed_sanitation
Jomoro Municipal,0,84.07079646,25.51866522,88.75957199,89.14498707,11.49027861,28.32040164,0.738956883,69.01024427,7.700770077,42.326852
Ellembelle,2.544529262,98.36065574,26.71482676,87.34075149,81.91689512,5.47933652,30.74504112,0.921216433,72.1828681,5.710306407,56.7272417
Nzema East Municipal,3.246753247,98.80749574,24.82509557,82.61819207,74.53674347,6.612349132,20.67216233,3.229824718,63.46575198,4.398148148,46.225706
Ahanta West Municipal,0,92.20779221,27.94727872,95.10869565,96.35214008,10.35292701,36.58433429,0.671051934,72.6010522,5.642633229,46.00158877
Effia Kwesimintsim Municipal,0,31.13772455,25.87569675,98.65591898,99.82687045,9.577730597,70.64802576,0.33869361,90.29423411,5.6,66.59260992
Sekondi Takoradi Metropolitan Area (STMA),0,23.58827734,26.5499147,98.18614976,99.79560344,9.515814685,61.11186312,0.344800096,88.6210024,7.168458781,64.34589231
Shama,2.202643172,69.35483871,29.10796984,92.60346079,97.90658277,14.79114836,32.58712488,1.09039136,73.59309459,6.67903525,46.32378624
Wassa East,5.540166205,168.9497717,32.70785219,81.36014928,78.50922662,3.903519304,16.18287373,1.31516021,66.76096998,6.600249066,67.40583232
Mpohor,0,95.05703422,30.4625709,88.29558027,87.45705468,6.535543692,22.47132126,0.449625312,69.47884211,6.551724138,51.9379845
Tarkwa-Nsuaem Municipal,1.644736842,56,25.24536805,94.2842884,95.37488257,5.47029101,54.96418506,0.415357693,83.20543315,6.942752741,59.26358036
Prestea/Huni Valley Municipal,3.911342894,62.22222222,27.03273299,89.31491914,87.7521352,5.954192251,36.13332122,0.703473169,74.51259604,4.571984436,55.17044205
Wassa Amenfi East Municipal,3.558718861,77.28337237,24.49653736,82.01125123,88.00687155,3.378146711,22.21551008,0.924042687,67.1962319,7.765830346,70.43799709
Wassa Amenfi Central,0,143.1372549,25.84633103,78.29148087,79.2566299,3.362428843,14.64444966,1.265113019,66.40528321,6.52173913,63.55615881
Wassa Amenfi West Municipal,2.793296089,105.9027778,27.9213471,80.98214065,83.84013043,4.763475894,26.61611047,1.396201266,70.2681644,3.552397869,63.6244204
Komenda Edina Eguafo Abirem Municipal,0,62.61859583,28.56258585,92.9701854,97.02271588,9.30538832,19.34399532,0.853628536,69.18869876,5.364238411,38.88369192
Cape Cape Metropolitan Area (CCMA),1.700680272,27.19033233,29.79394406,97.30116541,99.80576569,7.466331212,50.16697335,0.424864016,86.25560831,6.938527085,63.52651337
Abura Asebu Kwamankese,0,79.02298851,29.85332379,92.6593655,96.14401421,10.36158681,21.18774049,0.824538259,67.34835316,5.670926518,53.93868516
Mfantsiman Municipal,0,44.95268139,28.56479562,91.20556152,99.40654496,9.017364965,28.05440947,0.514043977,72.64074289,6.192170819,51.82670945
Ekumfi,4.672897196,44.38642298,29.23891129,90.67831631,97.46147943,6.667838519,13.46596611,2.404043164,61.26512097,3.344481605,37.95409362
Gomoa West,2.173913043,83.75,31.53251029,89.76665802,98.68032149,8.530441875,18.92403422,1.185634737,65.42990398,6.666666667,43.55082254
Effutu Municipal,0,50,26.03356911,95.74182261,99.90940048,12.08938953,51.55737449,0.513196481,79.37413918,6.12244898,55.1535687
Gomoa Central,3.401360544,87.83783784,34.21907496,93.61668634,99.33884298,6.24867538,42.31404959,0.537422345,74.46417215,5.821205821,55.59082031
Gomoa East,0.996015936,40.29550034,24.73910374,96.82621416,97.55880632,6.802193813,64.50321826,0.257048542,85.4621918,6.928838951,76.96331655
Awutu Senya East Municipal,0,24.30846605,24.25274463,97.80149729,99.03194722,7.636084544,72.27188496,0.237265515,88.65357456,7.23025584,87.02838205
Awutu Senya,0,69.79405034,30.38334589,92.1719909,90.74794363,10.4680139,35.08044804,0.766340723,71.56118825,8.396946565,58.96504197
Agona East,0,64.88549618,32.3256464,84.38190608,92.79350829,5.673021021,31.78867403,1.004562204,72.30328442,6.166666667,53.14177455
Agona West Municipal,4.395604396,47.86545925,31.08421401,89.94954223,94.4907418,6.364795918,46.44169958,0.896516393,77.24686117,7.176470588,66.53264835
Asikuma Odoben Brakwa,4.555808656,88.23529412,34.46166943,85.49069734,86.98196279,4.317737671,19.85797472,0.724156468,70.90819481,3.993203059,59.71211515
Ajumako Enyan Essiam,2.506265664,98.0966325,34.20374707,91.70537848,92.08667866,6.018301877,21.89522301,1.254180602,71.81733021,5.419029616,61.3134941
Assin South,0,94.06657019,34.21496369,87.8065257,89.39066405,4.72438745,19.13801257,0.428544811,70.12428948,3.850931677,62.38762687
Twifo Heman Lower Denkyira,8.438818565,75.18796992,31.61965812,90.01958042,83.54125874,8.212283103,21.98041958,1.055959909,69.42307692,4.423076923,70.1563458
Twifo Ati Morkwa,3.003003003,76.77902622,32.89771263,82.92160985,88.58687491,4.535705274,26.56179607,0.956937799,70.8439495,4.214559387,67.67267571
Assin Fosu Municipal,0,68.18181818,37.31340903,92.15671558,96.17592975,7.021262928,40.19964724,0.562283737,82.09045675,6.809078772,75.00290934
Assin North,3.649635036,95.23809524,37.1367874,80.6507791,91.6131989,3.753713206,14.69752521,1.067524773,70.36185192,4.433497537,61.37083492
Upper Denkyira East Municipal,2.898550725,81.59722222,27.27953615,87.63566983,94.13843796,7.993319704,38.66941916,0.758572645,78.04078049,7.24852071,71.57190635
Upper Denkyira West,4.016064257,150.1210654,28.58407354,88.96291596,97.08826847,4.239169567,25.07402707,0.738062961,74.2157898,8.633093525,71.64971252
Ga South Municipal,1.774622893,43.16109422,25.51303185,93.17782042,97.09562645,8.257995412,61.8603582,0.572230084,83.91942792,6.652474721,75.39559684
Weija Gbawe Municipal,0,35.7568534,24.1334682,96.63063806,98.81137279,8.577673839,74.43817554,0.226335604,91.38902676,5.548854041,79.93892412
Ga Central Municipal,0,17.13502399,23.42140475,98.27680825,99.19877072,8.017061025,76.67854043,0.296042144,92.39031015,7.05229794,93.0816463
Ablekuma North Municipal,0,19.09959072,24.07598747,98.49274077,99.73401308,9.076200795,73.31079833,0.239913496,91.87324574,4.318181818,78.59773911
Ablekuma West Municipal,2.06185567,31.43712575,20.92641318,99.27960654,99.89387972,9.199246655,74.56582519,0.170419166,90.82959294,7.320441989,55.87232927
Ablekuma Central Municipal,0,16.23815968,23.23227676,98.54257719,99.46073594,9.490734309,64.46144086,0.380275936,89.40516171,6.033630069,59.70095478
Accra Metropolitan Area (AMA),1.298701299,36.4806867,22.87479573,98.44287654,99.88564077,9.482836924,53.52114114,1.040240898,84.63701283,7.904191617,48.51409425
Korle Klottey Municipal,0,33.22259136,24.37455988,96.57523387,99.48469954,6.396866841,57.96337403,0.373059084,90.72680775,4.278074866,63.55213568
Ayawaso Central Municipal,0,26.78571429,22.04445874,97.36285303,99.9448039,10.67470249,65.37364693,0.322908569,90.74379279,5.169340463,73.61156044
Ayawaso East Municipal,0,11.71875,14.32193267,98.00106768,99.82798505,11.24797407,48.14639065,0.250576326,83.61327125,4.294478528,49.37022901
Ayawaso North Municipal,0,5.405405405,17.96963334,99.05552919,99.75320361,8.380180416,57.55576649,0.27583829,88.08552738,6.705539359,57.97452024
La Dade-Kotopon Municipal,0,16.97312588,24.39298952,97.04735611,99.22021539,4.751502836,72.69278594,0.367575933,93.60911545,7.38177624,66.52363636
Ledzokuku Municipal,0,27.72073922,20.55487667,97.87116395,99.69173348,9.720477015,74.08625933,0.245042883,90.91755745,5.73372206,65.91425261
Krowor Municipal,0,13.65187713,21.44562797,98.11940613,99.74728862,11.04796711,78.87332842,0.287073813,92.4123313,7.395993837,64.00453129
Adentan Municipal,0,22.62016965,21.1630012,95.71181249,96.78204337,7.091668742,77.33265536,0.379087352,92.77393155,5.418719212,82.26794765
Ayawaso West Municipal,0,11.03752759,18.53640884,96.24768863,99.40468137,5.330444204,73.1294818,0.277920741,94.64566681,6.788511749,74.41592629
Okaikoi North Municipal,0,15.04787962,22.44982478,98.788484,99.94535931,7.798099875,75.99577948,0.314355571,92.62105766,6.601123596,78.16641182
Ga North Municipal,0,15.30153015,23.14921831,96.99111981,99.3502949,7.680816345,74.03576041,0.217232376,92.52809084,5.673758865,87.50106938
Ga West Municipal,0,30.85553997,23.71463286,96.21433259,98.45676917,8.961421118,67.09320481,0.245720259,88.16836858,6.386554622,82.06355283
Ga East Municipal,0,20.60085837,20.69418542,95.72351023,99.18018336,6.768819342,76.2925335,0.223917416,93.06273944,6.206293706,85.82182296
La Nkwantanang Madina Municipal,0,26.58486708,22.77887971,96.48307989,99.10608117,7.047512257,73.98262524,0.308189023,91.85005562,5.068637804,81.41262226
Kpone Katamanso Municipal,0,36.72985782,25.6231621,94.31984096,92.96290492,12.3601867,74.19429344,0.328269754,89.6714893,6.453715776,60.11327451
Ashaiman Municipal,0,28.07775378,30.00575337,97.13831479,99.84398912,14.87669141,63.03136562,0.508035758,87.62961069,7.541322314,45.26300494
Tema West Municipal,0,14.9068323,22.83992844,95.97114335,99.80946798,9.391506833,79.80523393,0.276883088,93.60200484,4.665959703,79.65212021
Tema Metropolitan Area (TMA),2.127659574,40.34229829,25.08116469,96.01720712,99.48415085,12.73057413,68.19234064,0.339311682,87.72206293,6.885245902,47.49757462
Ningo-Prampram,3.926701571,52.88932419,25.11601916,89.59015227,96.15411982,9.516165057,62.78461648,1.036960544,80.40792406,7.246376812,52.23163422
Shai-Osudoku,0,58.94736842,29.08467758,89.43195964,90.37214178,8.067111694,41.71525912,1.121681692,76.41360875,4.967602592,55.76211797
Ada West,3.787878788,95.01187648,30.91612852,82.7980522,95.47518739,10.62115376,22.47633638,3.029244436,61.51628256,7.01754386,19.14036266
Ada East,11.0701107,85.02024291,29.61887207,88.47952934,94.03963929,9.902789518,36.93880503,1.279193206,65.32238545,11.08742004,47.11499664
South Tongu,2.493765586,99.3883792,31.85019564,87.88617371,75.16143327,8.687065205,33.58445176,1.461423521,66.28283958,8.427543679,49.36790033
Anloga,0,70.10309278,36.63295419,79.57025286,95.81797192,13.90401696,41.28775183,0.80218863,64.74658339,9.730668983,41.40320485
Keta Municipal,0,64.51612903,37.02302272,81.63165409,94.21170712,13.40428282,41.08097083,0.663390663,69.03116224,7.909090909,39.61678586
Ketu South Municipal,1.157407407,66.72091131,26.95414123,83.11722386,84.39592913,18.72945453,40.2170761,0.969612472,66.35096609,9.492787343,52.63704651
Ketu North Municipal,5.571030641,68.85245902,34.9005162,78.06052662,90.23709107,10.3559531,28.20300923,1.777193312,63.26975741,7.170693687,56.41435679
Akatsi North,9.523809524,122.8070175,31.46906886,76.34164777,82.14015765,8.212243367,14.00496707,1.783637069,57.14895615,3.240740741,49.28393524
Akatsi South Municipal,0,73.35907336,35.23397739,82.12562113,85.19643942,8.104611727,28.67765345,1.54646422,65.39206414,7.565217391,57.97807552
Central Tongu,0,91.08910891,29.88451006,85.19026884,75.65316168,4.451328877,17.26145399,1.877777247,61.28280578,3.110047847,38.35716905
North Tongu,7.281553398,97.26962457,32.7425591,86.77669903,68.33333333,7.84478869,20.62459547,3.89494372,64.72740483,6.134969325,43.99669543
Ho West,3.921568627,69.76744186,40.88407627,86.77303967,84.63084281,6.557492516,22.12933564,0.827961769,78.05509695,4.01459854,48.22296088
Adaklu,0,112.033195,34.79767942,75.43313218,65.63169165,4.445886743,15.62195834,2.09760274,65.80435655,5.806451613,34.5144357
Agortime-Ziope,0,52.63157895,31.64142733,81.52215359,65.20247083,11.57887823,18.70662701,4.58474669,63.74586597,2.452830189,40.40795249
Ho Municipal,2.066115702,29.46127946,33.37861342,93.50714886,95.55592935,8.392243336,60.4255677,0.525153667,87.7269395,5.548469388,72.21125665
South Dayi,0,87.61329305,36.56259675,85.04328606,80.78835881,6.648484848,22.57014797,1.13957935,76.59498464,8.950086059,47.34834726
Afadzato South,0,111.1111111,38.54629735,83.67792594,75.63072062,7.925026159,19.1887748,0.435205864,76.33268741,4.893350063,51.91924936
North Dayi,0,83.61204013,41.06991705,78.85088485,89.08023173,7.320188393,19.51432426,4.468188441,78.01591332,7.734056988,48.33690987
Kpando Municipal,0,79.03780069,35.09488185,89.16732217,92.01033824,7.0200959,31.87998652,1.05913504,79.60952468,5.057471264,61.13961158
Hohoe Municipal,2.481389578,66.56580938,36.65058135,93.51841392,90.27338455,8.384342784,40.8721193,0.951500443,83.71271539,8.072289157,64.16704911
Birim South,0,82.35294118,34.00978089,89.6694604,96.81702609,4.926787252,26.94227328,0.621042377,75.81346991,9.41475827,70.41385383
Birim Central Municipal,4.524886878,41.53354633,29.80530973,95.45339305,99.35772839,8.834467479,53.81982591,0.269723533,85.2460177,8.785529716,80.52935379
Achiase,0,94.28571429,33.40871251,87.47062014,92.61134213,4.734783109,18.45356476,0.450184502,69.37700355,6.219312602,67.56463569
Asene Manso Akroso,0,92.82700422,32.48355857,87.15503843,93.1952787,5.106675318,19.03221742,0.617748174,69.72067645,5.115511551,59.02805215
West Akim Municipal,0,55.93451569,30.84227911,86.56058231,86.9537497,5.646901272,34.81125309,0.386514924,74.39542291,4.382929642,69.369291
Upper West Akim,0,86.86868687,33.62048479,82.64235681,83.98967725,10.21209507,23.11894627,0.858458961,67.82616445,4.400749064,54.90092749
Ayensuano,0,120.906801,39.05596763,88.2297486,79.01885475,5.275348891,15.61452514,1.176985342,70.5566794,3.524672709,64.65379281
Nsawam Adoagyiri Municipal,0,52.77044855,27.7193601,93.73826707,98.14984773,11.49972071,55.42739143,0.241766666,82.6213036,3.455964326,69.39399987
Akwapim South Municipal,0,48.21428571,30.27955657,86.57798206,86.68846953,5.36416365,44.76068414,0.331526937,81.98202851,5.695142379,70.34405906
Akwapim North Municipal,0,24.91506229,28.41653744,89.49438018,93.81000754,7.444864935,48.00275256,0.343530941,82.37581912,3.581800581,77.8694517
Okere,0,85.61643836,32.33813893,86.53526004,88.41313178,6.203309169,28.32789505,1.510759772,72.81520315,3.488372093,66.68678334
New Juaben South Municipal,0,18.66666667,28.74928194,97.69860589,99.43571587,6.893497827,67.40871874,0.40312526,89.64205772,6.636670416,83.21308321
New Juaben North Municipal,0,28.05611222,27.59911122,95.30176416,98.21727019,8.163053983,59.14206128,0.189775827,87.95462519,5.24534687,76.41298959
Suhum Municipal,0,67.47638327,37.74766061,91.62467725,93.54490988,7.792128422,34.89258229,0.588932255,79.91109759,5.467928496,78.55693531
Abuakwa North Municipal,0,36.58536585,29.816119,89.64551837,96.39919025,7.498206171,44.63108929,0.47278458,82.93612462,7.203389831,77.62473647
Abuakwa South Municipal,0,83.87096774,33.11977758,87.70119686,90.76276592,6.060298447,32.85934041,0.478695423,78.10398755,7.051282051,82.69689737
Denkyembuor,4.016064257,50.88495575,33.39264636,92.77148429,97.67625213,7.399875493,34.43711357,0.377117661,78.26324413,4.512372635,70.720414
Akyemansa,0,80.55009823,35.27391939,92.0669306,95.8205722,5.036742192,14.59625009,1.066786195,68.57307107,4.428571429,69.52222222
Kwaebibirem Municipal,6.741573034,97.22222222,35.54240094,90.90761969,97.94200944,10.5006625,29.63182738,0.362799135,76.79571795,4.004854369,82.65698063
Birim North,3.6900369,98.9010989,33.80781703,92.08607003,98.64608937,6.098574,28.72627634,1.219951614,76.99948797,7.210626186,79.20060143
Atiwa West,0,110.7784431,37.75105952,89.43598926,97.98008057,5.407200744,26.06871083,0.789712768,79.32098765,3.827751196,80.27796161
Atiwa East,10.30927835,117.1875,35.79659977,92.00610221,96.53699466,5.225906966,30.33816425,0.521762103,79.0290071,5.545617174,80.26645768
Fanteakwa South,6.451612903,56.39097744,36.61339288,89.81162417,84.54514128,6.408279019,29.56581668,0.656527882,79.92071656,4.093567251,78.20850583
Yilo Krobo Municipal,2.386634845,68.40390879,36.07336427,94.9815152,81.08205043,8.302832679,33.31953871,0.98999208,75.05926346,5.714285714,68.94456467
Lower Manya Krobo Municipal,2.570694087,42.06098843,33.05054484,93.82253318,97.68726748,10.10006598,37.42850797,0.500735206,79.51803318,4.902962206,54.00884112
Asuogyaman,2.78551532,50.48859935,33.86017751,91.05268487,91.55219548,9.49470996,29.79513315,0.573065903,77.66598257,4.274465692,53.82934443
Upper Manya Krobo,0,150.9433962,30.65053796,76.9779436,65.79062877,4.734075662,13.87029518,3.307233844,60.18324451,4.631217839,73.72929754
Fanteakwa North,5.494505495,101.0452962,34.14004914,78.17308277,75.05929575,3.882038539,18.80435444,1.676477163,68.31941032,7.99086758,76.6684559
Kwahu South Municipal,3.937007874,90.50772627,30.26680709,78.40734415,80.90520922,5.095962938,22.32707088,0.814499164,72.76987888,6.083086053,58.62755508
Kwahu West Municipal,0,69.76744186,33.03252619,90.95344175,96.42013812,7.468830863,40.14925373,0.423338325,81.29987708,4.672897196,76.10445985
Kwahu East,7.96812749,104.0723982,30.96412787,80.45253715,75.99410898,3.514739229,18.69058776,0.7287404,71.84876829,4.787234043,49.0805841
Kwahu Afram Plains South,0,112.9476584,27.12375852,52.5033481,63.76841455,5.720195428,5.511486556,4.759349681,54.27749246,6.777316736,23.59902067
Kwahu Afram Plains North,0,141.8439716,26.56638844,42.02906779,45.35028954,6.674131243,6.744634949,7.336169163,55.26901139,6.718346253,29.01309778
Amansie South,3.378378378,136.7041199,28.31918048,88.07276948,98.76362535,3.365032919,15.85587404,0.660051952,72.45401855,8,47.95963925
Amansie Central,6.944444444,141.2803532,31.14872489,79.36935401,98.47281404,3.945801072,15.43207772,1.517273576,68.84375235,6.049822064,37.5243876
Akrofuom,6.756756757,117.8571429,33.60446799,58.11182989,85.71703068,3.325268317,14.34061359,0.985866341,70.49692109,7.760532151,42.54881809
Adansi South,0,105.3811659,34.12667946,71.86125633,89.66475811,5.007930348,18.63330844,3.242499051,70.53659351,4.970760234,56.52640362
Adansi Asokwa,0,126.0997067,31.6935468,82.13004011,89.08591936,3.736730361,17.3210893,0.49692909,69.95676807,4.472271914,56.41748942
Obuasi East,3.174603175,41.15226337,26.62683796,97.32142857,99.09634217,10.015195,53.56782834,0.375887512,85.3651963,7.559395248,63.41915776
Obuasi Municipal,0,46.64179104,26.06689137,97.62062545,99.70652277,7.043540882,59.97349238,0.339715874,88.1773399,7.36196319,63.96033772
Adansi North,0,69.93006993,28.47492063,91.2808539,95.68378919,7.414852679,32.33488993,2.396351575,79.74349206,7.052896725,59.28190965
Bekwai Municipal,2.398081535,76.57142857,31.73583412,91.51896421,98.49121616,6.379353432,31.64269493,0.439961032,79.65370602,6.666666667,55.94877236
Amansie West,0,117.4242424,25.90635307,92.04298479,98.54805603,4.060661065,24.62569428,0.991560383,73.93829031,6.923076923,53.74382022
Atwima Kwanwoma,1.253132832,42.29848364,22.96128775,93.64815276,99.6299291,8.787470484,51.83791516,0.208548715,86.19009034,6.519065191,72.85708142
Bosomtwi,5.474452555,68.35722161,27.12262937,91.49711509,99.42735673,9.451584123,45.28653854,0.321812285,84.50956835,5.832449629,68.28191092
Bosome Freho,0,98.18181818,31.22278369,90.3120162,94.11099202,3.080351291,10.43825176,0.543203638,65.77090562,4.073319756,39.46813686
Asante Akim Central Municipal,0,58.70445344,25.64017343,88.10870416,97.53850532,8.491494924,33.66769822,0.512845092,81.93766712,5.893186004,73.74011299
Asante Akim South Municipal,4.750593824,106.1806656,34.60573976,84.74641659,93.61664243,5.016668583,15.05772027,1.465629053,73.30384508,4.418103448,65.00700684
Asante Akim North Municipal,7.96812749,81.96721311,29.23041902,76.72204521,90.88909118,3.168648468,18.55939918,1.709816613,73.08499049,5.945945946,53.36139656
Sekyere Kumawu,0,66.07929515,32.08722046,82.05420999,92.93226756,4.699154649,15.98052768,1.828303916,77.03432576,5.782312925,52.04850869
Sekyere East,0,66.00660066,31.86854744,89.45011197,98.48718587,4.690202033,25.74272207,0.637311703,82.91041107,8.03030303,62.98892472
Juaben Municipal,0,83.10249307,30.30180635,86.41418034,96.9998899,7.486001976,17.65936365,0.36653185,75.39773365,7.536764706,53.62715136
Ejisu Municipal,0,34.97164461,24.64895109,90.25331053,99.5228059,8.738311378,48.39742315,0.463075207,85.28600274,7.833163784,68.19687107
Oforikrom Municipal,0,21.04591837,23.6477262,95.8525522,99.6708071,9.939955822,62.01458401,0.529756537,91.15608229,7.106164384,62.06514772
Asokwa Municipal,0,32.96703297,20.11766088,96.91876036,99.50771585,11.29239306,66.55783701,0.218340611,90.25187115,6.571936057,75.22467816
Kumasi Metropolitan Area (KMA),0.751879699,19.467878,21.52840217,96.4141355,99.81180985,7.444803774,61.10028997,0.457695674,89.85546125,7.891852393,71.15910797
Kwadaso Municipal,0,25.67094516,23.77334115,96.25088423,99.60558187,6.429268659,66.71668346,0.285145889,92.20105901,5.918057663,75.0501626
Suame Municipal,0,19.08957416,22.61035122,97.58393619,99.79363754,8.451218575,60.62650714,0.338739479,90.39330628,7.604562738,74.25096411
Old Tafo Municipal,2.801120448,23.85008518,22.11352614,97.60075405,99.77721288,9.335502735,52.01793722,0.38218131,88.53710884,9.409594096,64.5005802
Asokore Mampong Municipal,0,29.32828761,19.23675568,96.97321596,99.42873197,11.09365559,47.2822626,0.798556825,84.25389119,7.578253707,52.38399659
Kwabre East,0,34.54038997,24.87652281,94.2571563,99.60959854,10.90067804,41.95989165,0.476122594,86.94423286,5.890138981,72.43671872
Afigya Kwabre South,0,50,22.1062886,94.36401654,99.16681298,9.051040403,50.00399036,0.231583786,86.72311538,8.490566038,79.4211114
Atwima Nwabiagya North,0,27.48691099,24.06388675,93.55553913,98.98997364,7.732383345,44.42145197,0.272494267,84.65361059,7.379518072,74.08161924
Atwima Nwabiagya South Municipal,0,40.58624577,25.00930277,93.24768054,99.40939242,6.203962876,49.61544395,0.372637743,85.76113952,5.914718019,72.52386069
Atwima Mponua,2.136752137,104.3478261,28.30367445,77.51224924,88.52731811,3.742580787,11.72691134,3.70594424,65.92152044,7.77385159,49.61802155
Ahafo Ano South West,0,101.2269939,29.57014021,58.8308811,90.65500199,2.029746282,14.42367778,0.765830272,66.13784478,7.614213198,42.72264238
Ahafo Ano North Municipal,0,88.3882149,32.44601091,64.86497364,88.46943293,4.038075852,22.37694692,1.680786481,71.32742816,4.012345679,56.56246473
Ahafo Ano South East,4.830917874,121.7105263,30.59362867,63.85490051,92.25064887,4.36770428,11.03695464,1.497765431,66.21368761,4.728132388,45.07976623
Offinso North,3.717472119,100.7905138,25.97143214,69.06816639,85.01890817,3.247120345,13.84175313,1.558007976,58.13613424,4.642857143,32.12187959
Offinso Municipal,0,78.21901324,27.22377932,83.93914023,94.39327886,6.352264079,21.80327396,0.671040412,72.64029671,6.722689076,54.49727438
Afigya Kwabre North,0,56.88622754,28.89416155,84.67354323,92.45018091,7.035128806,19.50639952,0.82566395,76.17570116,5.489260143,55.41834328
Sekyere South,2.688172043,51.09489051,29.30461437,82.42192736,90.49725238,9.815532391,18.50623241,0.950203615,79.63404465,4.337899543,55.92724046
Mampong Municipal,0,59.16473318,25.05250847,84.90201757,90.31438041,3.857383492,26.44399395,0.698206791,76.3043582,6.575963719,57.8328742
Ejura Sekyedumase Municipal,0,77.60814249,24.81096511,80.21811763,91.35094244,5.59092356,14.54958079,3.623290967,62.99492275,6.404494382,25.12358887
Sekyere Central,0,112.9411765,26.40763977,62.216583,79.68224196,2.709742469,11.83869366,4.138471003,62.12873253,5.098039216,39.43462898
Sekyere Afram Plains,0,149.6598639,18.53090841,27.30419177,50.69862838,2.431386996,4.243045763,10.99172666,39.80399548,2.173913043,10.34690799
Aowin Municipal,0,78.43137255,23.28398817,66.74806243,62.00764412,2.825875587,17.16742754,1.645809397,59.99185912,7.922077922,69.00402644
Sefwi Akontombra,5.291005291,90.90909091,26.28557865,69.84509466,71.21629375,2.595480904,8.990246701,1.268824855,60.70218597,4.864864865,68.38933253
Suaman,8.196721311,27.77777778,24.56640104,75.50136048,81.17504787,4.605155147,20.38697974,1.720013669,66.9238813,3.045685279,86.52781439
Bodi,0,108.1081081,26.45466413,75.83928893,84.1330851,3.67814121,8.990451024,0.684547887,65.58882065,9.090909091,76.24905087
Sefwi Wiawso Municipal,0,65.16587678,28.67278682,88.8580998,93.21462133,6.845249566,25.58733524,0.537528495,73.4834156,4.058624577,73.26308634
Bibiani Anhwiaso Bekwai Municipal,0,83.42361863,25.7849587,93.47957902,95.15570185,6.156590756,30.74191173,0.442466559,75.60725598,6.569343066,66.91874887
Juaboso,0,48.09619238,25.31232681,77.64836156,87.67173851,4.894701087,14.27634007,1.132202737,67.19024622,5.714285714,77.19795803
Bia West,0,79.81220657,25.75869819,62.95732191,77.44883389,3.875218994,8.53561796,0.976196371,62.01800535,7.750952986,83.30276832
Bia East,0,124.5551601,29.62399779,54.42107413,70.96181336,2.697064521,5.996868831,1.562852205,62.00442356,3.825136612,77.27786145
Asunafo South,3.225806452,87.1459695,32.99275091,73.64163296,83.28259872,3.725016069,12.50990367,1.614553218,71.74103237,4.23572744,52.08425721
Asunafo North Municipal,0,81.84143223,31.06102357,76.77403961,88.63755667,5.320571196,21.23836793,0.869176379,73.6943871,4.736129905,59.82657002
Asutifi South,0,48.45814978,29.46709134,76.86851862,91.88114556,2.515985544,22.56729891,1.05579768,71.13144225,7.534246575,55.10670732
Asutifi North,0,84.90566038,28.12907182,78.9896959,95.90851973,3.795602506,26.74541342,0.729373322,73.2122327,4.712041885,59.38542825
Tano North Municipal,3.597122302,67.39811912,31.43799236,74.45608069,92.57641921,3.801011483,22.63786374,1.155062566,74.35545476,7.494145199,56.21807684
Tano South Municipal,0,72.72727273,30.43769394,75.46866631,94.9607213,2.88285803,19.6081057,9.587881069,71.26081986,4.056795132,45.71257485
Dormaa West,0,86.2745098,30.02647891,76.9224463,91.82652894,4.278618198,14.05968192,1.670894935,69.17915388,1.593625498,56.23274581
Dormaa Central Municipal,2.824858757,96.55172414,28.55513168,85.98667586,99.00233008,4.889485958,25.97551771,0.537035564,77.21133913,5.801526718,63.20951775
Dormaa East,4.06504065,74.46808511,27.2478237,79.4193513,97.99132869,5.440850687,15.04308216,0.849311543,73.74444512,8.645533141,63.77727615
Sunyani Municipal,0,40.8839779,23.84927326,91.35409482,98.63830088,4.855013195,58.1304048,0.509154753,85.23948216,7.793764988,78.78853434
Sunyani West Municipal,0,44.38642298,27.04936831,85.21823525,97.38764726,4.278794403,36.94767207,0.636215898,77.82165186,6.153846154,69.81728471
Berekum East Municipal,0,30.43478261,26.69135614,92.45737583,99.39152459,5.314876527,34.77575982,0.461732805,84.90760538,7.782101167,70.93034679
Berekum West,0,71.16104869,25.26397688,85.77780965,99.5768486,4.751887143,22.57763752,1.630627437,75.55851951,6.343283582,57.80866721
Jaman South,2.873563218,83.33333333,26.59411818,89.14720261,98.9860583,4.861227453,16.66847728,0.822804555,72.69924068,3.719912473,55.82366589
Jaman North,0,75.75757576,25.84592882,88.51463052,99.81401885,5.396051939,14.96941643,0.579451749,71.84666017,7.130434783,41.31956598
Tain,0,86.46003263,25.7210706,72.12816312,97.75714546,2.555135797,7.871836883,2.735728616,61.28729036,7.434944238,31.80379747
Wenchi Municipal,4.962779156,63.49206349,26.32001396,79.60059845,91.33220582,4.657136186,17.9340402,3.638760712,66.9993602,3.795066414,49.7789422
Banda,0,81.48148148,24.80431026,75.48977549,89.44658945,4.02788536,9.280709281,4.059362724,57.39046457,6.530612245,20.47244094
Nkoranza South Municipal,5.917159763,122.5225225,29.69751829,79.4911699,93.43663306,3.80202533,19.82542797,2.29659508,69.64119585,5.093378608,45.70587711
Techiman Municipal,2.702702703,55.64263323,25.90088907,91.23302407,97.40785562,7.38232458,33.61570526,0.932476463,76.98522501,4.685714286,66.54276646
Nkoranza North,0,83.85093168,30.30062887,61.74093412,86.58894214,2.963041631,7.94649882,3.846718544,61.19433509,3.007518797,33.02719251
Techiman North,0,73.70184255,29.63888542,82.01379956,95.90691147,7.274369283,19.80665029,2.160123436,72.85601233,4.703832753,58.65038046
Atebubu Amantin Municipal,0,82.20858896,22.33186564,72.82126094,76.26220982,3.756757325,10.08499302,5.072190497,55.13849421,6.086956522,14.8106513
Sene West,0,86.25336927,21.5781067,62.43379875,78.4304285,5.198658908,4.688252287,5.080727109,47.48163135,4.661016949,12.5107604
Sene East,4.87804878,117.1428571,20.85683297,45.24712208,37.56117736,9.764817367,3.095057558,5.078408973,44.67895879,5.962059621,10.82099972
Pru West,0,85.16483516,22.20842078,73.29891733,65.9711766,3.593683312,5.836380584,8.283990925,48.43448837,3.5639413,8.016755742
Pru East,2.793296089,106.8965517,21.73010693,74.70478558,61.07950471,8.849449948,8.74408376,7.537463655,53.18755358,7.288629738,12.5
Kintampo South,0,123.5154394,25.77016298,68.05042903,89.95733666,3.311784838,10.24878961,4.303521063,55.87797743,6.5830721,29.73187912
Kintampo North Municipal,0,108.5164835,23.06943783,77.14478986,81.9122967,5.388458656,14.46133937,3.497870354,56.12353906,6.042296073,30.20275163
Biakoye,0,119.1860465,35.17726223,72.87427504,81.78511747,5.905152759,12.45453652,14.68835292,67.14271367,5.036726128,47.34004823
Jasikan Municipal,0,75.52870091,34.50316734,76.45985401,77.24680657,6.280587276,18.72148723,14.96470942,73.84056966,2.88248337,67.1723408
Kadjebi,0,126.6846361,30.63982886,76.2458124,89.13316583,8.52486882,14.41582915,14.98171589,69.83469467,3.422619048,64.90351243
Krachi East Municipal,0,113.9705882,24.89233781,70.81472111,67.81436534,7.833185077,8.166976321,20.59732235,51.26957494,4.309063893,29.62619423
Krachi West Municipal,0,100.5747126,23.09817255,63.64500792,71.86212361,13.23235767,9.199683043,22.57624033,56.19776172,2.321083172,25.9597497
Krachi Nchumuru,0,91.13300493,21.39095206,60.93126386,79.78460564,5.256579404,4.789356984,34.79256342,44.78055368,1.559454191,16.66666667
Nkwanta South Municipal,0,113.1339402,22.47061069,74.60001265,85.39492822,3.370905772,9.84632897,15.12669708,48.18162424,3.707627119,32.68915087
Nkwanta North (Kpassa),0,96.87034277,17.32738049,76.03460578,61.630396,2.208598206,3.973421334,27.80100813,37.17830293,4.934210526,21.96485623
Guan,0,69.23076923,44.31106472,84.37840192,78.96799477,5.333724799,15.19703897,9.868966661,80.28088821,2.139037433,63.25101364
Kpandai,0,92.46088193,18.64550687,77.59480643,64.99089542,1.260147825,2.739292218,10.09505543,40.6010813,4.41882805,19.90430622
Nanumba South,5.376344086,99.81167608,16.45016761,57.64631117,64.9026518,1.060550824,1.294124444,17.59274365,34.44268953,1.57480315,10.166446
Nanumba North Municipal,3.091190108,81.63265306,16.9949096,74.41526199,72.08611002,2.382393398,2.031882922,13.81420152,37.49253993,2.027027027,6.977117194
Zabzugu,0,120.7349081,14.54210864,63.88059701,80.34219148,1.783615271,2.613760466,8.846103812,33.96191303,5.693950178,15.77661005
Tatale Sanguli,0,104.2253521,16.30250602,44.67740692,91.13543513,2.374504304,2.651661142,10.95116871,35.02184964,1.279317697,29.46573125
Saboba,0,66.10169492,16.97117733,51.43856921,69.25868326,1.354459494,2.857698289,8.148626354,40.78326006,4.408352668,31.70550847
Yendi Municipal,7.920792079,98.062954,19.78857491,75.10035955,83.66670157,3.859969211,4.928962893,10.74250368,48.86968896,7.035755479,19.48129083
Mion,0,142.8571429,13.14035523,46.15084779,62.57389723,0.502617801,1.052426428,9.099723489,25.53089659,1.918976546,12.29456384
Nanton,0,118.6440678,20.48285048,87.00861888,70.92705487,2.41617357,1.135169224,10.6582623,35.25807526,5.394190871,18.21048482
Tamale Metropolitan Area (TMA),0.884955752,30.48448557,23.80238688,97.54737765,84.15462087,9.130620578,19.74124947,3.873015873,64.60630829,9.052631579,24.22791805
Sagnarigu Municipal,0,33.37306317,22.02410333,97.96151182,94.3517173,9.005665624,32.58185868,1.4717187,69.54759294,8.646616541,39.94036504
Tolon,0,107.7981651,17.10929662,86.68488658,34.6160153,2.233262141,4.285323859,8.132852829,35.39321146,6.474820144,8.114888831
Kumbungu,3.472222222,81.31868132,19.14027285,85.41267875,83.87568967,5.822191179,2.51660849,8.85448496,38.37219785,9.719626168,10.17367459
Savelugu Municipal,0,80.34188034,19.250737,87.76102591,81.82133264,4.447200567,3.565548913,2.293896006,43.5704782,5.156537753,12.44255035
Karaga,0,210.3250478,13.40380228,74.45087297,72.60252931,0.647072581,1.592340382,13.29332725,25.11939163,3.125,7.960242765
Gushegu Municipal,0,156.9506726,12.52125108,45.02443439,85.57828054,1.349740861,1.614479638,15.66477748,26.60634854,3.427419355,8.235755871
Bole,0,119.4539249,19.13384926,64.61569096,91.70317271,4.453004068,5.844285145,5.296347735,48.76164335,9.401709402,23.21180556
Sawla Tuna Kalba,2.604166667,112.3778502,13.72517007,33.36422205,91.41293796,4.592286016,3.68458212,17.32256751,32.04897959,6.413043478,53.03872356
North Gonja,0,163.9871383,11.28829094,61.01799577,83.74206069,3.110599078,1.534932957,17.75301205,29.2846997,9.047619048,7.092547093
West Gonja,0,93.75,17.63772916,77.8717515,85.99108104,6.094129064,9.226510841,3.321153595,55.19662266,8.291457286,19.31651749
Central Gonja,2.570694087,98.1595092,14.24852848,61.85270959,44.75683187,2.232050593,5.372857805,7.619097697,34.09821073,8.076923077,6.916912695
East Gonja Municipal,0,73.13195548,17.40536031,66.95913011,55.44431946,3.595868711,3.228346457,9.930877884,44.36724372,8.81147541,9.917141378
North East Gonja,0,123.3766234,10.63922751,50.53650877,3.271394923,0.531055184,0.575765506,6.218832502,23.14414296,7.453416149,7.351077313
Mamprugu Moagduri,0,162.1621622,13.91401615,79.46698544,83.0743267,2.07213054,2.095492581,14.2872617,28.80799533,9.302325581,9.919531822
West Mamprusi Municipal,3.278688525,121.6216216,21.29230994,83.97252621,71.25768182,4.125291357,6.57267738,6.577410744,48.21162512,7.719928187,48.09221902
East Mamprusi Municipal,1.636661211,122.7180527,18.38312677,72.69678656,68.92320165,2.925610115,5.299233491,9.166152869,40.91672103,11.38287865,26.16716256
Bunkpurugu Nakpanduri,3.597122302,54.10821643,26.55804267,70.6931955,86.32018693,4.286813903,4.142179424,4.683794466,57.45112795,4.159445407,54.5734714
Yunyoo Nasuan,5.050505051,122.923588,15.78931838,30.09057758,75.46171039,1.046667947,1.070462299,25.32363386,34.52050752,5.501618123,40.45654083
Chereponi,0,98.85057471,14.5774127,64.71450561,73.15106648,1.572674098,2.76332185,18.86392206,32.89991046,8.933717579,19.07902349
Builsa South,0,101.4492754,17.33769303,33.91665618,91.75374544,2.446395165,8.183306056,6.31496591,39.59580838,5.737704918,22.96004502
Builsa North Municipal,0,76.65505226,22.50922509,40.80141687,97.33598996,4.493419516,12.26477751,5.467304133,50.46740467,7.484076433,20.44188637
Kasena Nankana Municipal,0,63.29113924,25.93796523,61.10439513,97.94490977,4.055107876,23.08090838,5.278730099,62.05526039,6.965761511,18.67687726
Kasena Nankana West,7.092198582,84.26966292,24.90449649,42.39396411,97.36439641,3.816183816,9.262846656,5.149633503,53.69645541,4.870466321,19.20834268
Bolgatanga Municipal,0,58.9569161,22.57635206,90.85548345,99.35697988,14.9950227,38.96938987,2.195892575,66.7176009,9.765625,31.49062909
Talensi,0,102.739726,20.42902769,53.1742001,93.02522431,7.7763877,7.657581401,5.010934677,48.79490303,7.347670251,17.04104434
Bolgatanga East,0,63.06306306,27.20017256,76.95322067,99.44893461,20.27579162,24.99387705,2.411811112,65.85058959,5.673758865,19.43341276
Bongo,7.633587786,109.352518,21.99708599,57.41564702,98.92473118,28.29676953,6.502595476,6.329736759,50.14940485,5.696202532,10.89048286
Nabdam,0,85.98726115,16.47844884,51.27309599,97.99459216,6.670403587,6.004957188,2.922389013,48.09118302,10.54313099,6.5
Bawku West,0,106.1728395,18.56991503,42.95821851,97.04699486,2.696094628,7.578014448,6.049630086,41.16687787,7.723035952,23.16491228
Binduri,0,91.76470588,17.94994634,41.46986708,93.21202736,2.568767283,4.832881662,9.732584052,38.77050437,13.49480969,18.03408641
Bawku Municipal,0,27.77777778,18.44898159,83.02815197,93.07493748,6.651405726,16.45962733,3.514720199,54.58712223,11.11111111,25.64453961
Garu,0,59.45945946,17.24940272,36.99818895,96.83066707,3.137710633,6.346211893,6.500025097,40.53183754,9.611829945,43.74825175
Tempane,0,48.52320675,18.09418703,33.81077783,96.51230008,3.088538092,2.601323142,7.414687186,37.59031574,7.62987013,22.41419295
Pusiga,0,55.09641873,20.02117828,56.16014951,93.96923519,3.692930315,4.837550316,16.0445708,44.25298421,7.780979827,14.84798789
Wa West,0,82.56880734,14.93795147,40.82403337,97.83000789,3.042192959,2.587081502,13.66432176,32.99685127,4.124860647,31.20847176
Wa East,0,138.0090498,12.12787579,53.17464773,92.49424578,0.606690214,2.31853141,10.85202175,31.65742083,7.742998353,7.775947282
Wa Municipal,1.572327044,39.28571429,21.45162088,94.79172982,98.22753087,10.22902405,29.10729805,3.493449782,70.0687045,8.023255814,41.7286148
Nadowli Kaleo,8.196721311,86.8596882,21.46754819,59.94977603,97.67205104,3.916244267,7.010994978,5.62980743,47.47741875,7.288629738,28.35800625
Daffiama Bussie Issa,0,117.6470588,16.86064087,70.60197911,96.63276526,1.300893744,4.892798241,16.05561277,37.53778718,2.517985612,36.92630475
Sissala East Municipal,0,78.62407862,19.14338575,83.17320177,96.61386653,1.17741391,8.044663724,13.55090832,49.01387604,6.904761905,17.75269369
Sissala West,4.739336493,113.2686084,17.02102217,86.6182217,98.15589223,0.894928737,4.620552547,12.46697093,42.56570923,5.081669691,24.19940054
Jirapa Municipal,3.236245955,71.42857143,19.71366499,61.66798371,97.19773874,3.195896627,8.181873442,10.96127401,44.31940732,6.37254902,31.07556161
Lawra Municipal,0,65.2173913,22.29457589,62.19359157,97.67422404,5.409655606,9.913829164,6.973240548,47.67865326,7.543103448,39.47321587
Lambussie Karni,0,49.23076923,16.93468218,60.93278464,97.54915409,3.141847927,7.005029721,11.48494442,40.71691714,2.16802168,27.89673804
Nandom,0,20.92050209,19.27234019,86.10406735,99.24941678,5.693089939,9.930013186,4.576929573,48.04301545,7.243460765,63.97088556
